opiates,2334
heroin,1848
drugs,1510
pain,1216
opiate,1170
life,963
lot,876
drug,842
normal,760
cop,744
car,684
head,621
cold,515
problem,446
let,439
best,419
probably,396
stop,392
withdrawal,380
addiction,359
blood,356
maybe,338
face,336
combinations,304
depression,300
support,297
worse,290
tolerance,288
sick,274
stalking,274
unknown,273
arm,264
amp,261
crack,260
high,255
control,250
dead,250
found,237
brain,224
shot,220
cut,210
care,206
talk,206
ice,198
eye,196
wanted,196
yes,195
couplet,190
sex,190
anxiety,188
weed,188
alcohol,184
bit,184
death,180
died,172
hit,170
able,168
opium,165
marijuana,164
met,162
die,161
heart,158
inexperience,157
single,154
body,152
easy,148
shooting,148
stomach,148
finding,147
sit,142
burn,140
methadone,140
card,138
history,138
lost,138
veins,136
pill,135
rehab,135
fast,134
run,132
suboxone,129
overdose,124
nose,123
possible,122
advice,119
walking,116
hand,114
complete,112
fat,112
nod,110
close,109
medications,109
likely,108
simplex,106
eyes,105
lives,105
lead,104
positive,100
sad,99
process,98
said,98
sleep,98
meth,96
water,96
pulled,94
sucks,94
opioids,91
throat,90
suck,89
drunk,88
eating,88
morphines,87
treatment,86
morphine,85
throw,85
bed,84
depressed,84
hands,84
oxycodone,84
tired,84
unable,84
vein,84
change,82
pull,81
insulin,80
relapse,80
suicide,80
patient,79
agree,77
sitting,77
hearing,75
sittings,75
ive,74
singlet,74
playing,73
dependent,72
finger,72
hurt,72
negative,72
symptom,72
weight,72
food,71
score,71
cancer,70
hes,70
imo,70
bang,69
arrested,68
bucks,68
pic,68
running,68
tomorrow,68
meds,67
test,67
turned,67
xanax,67
falling,66
indifference,66
related,66
stress,66
easily,65
arrest,64
balance,64
forget,64
prescriptions,64
rig,64
worry,64
alive,63
difficult,63
fall,63
hang,63
pass,62
physical,62
postin,61
abortion,60
city,60
"feel bad",60
ill,60
hydrocodone,59
hydrocodones,59
willing,59
blue,58
burned,58
doc,58
level,58
program,58
result,58
"drug use",57
block,56
blowing,56
mad,56
relief,56
abuse,55
blow,55
gas,55
vicodin,55
bending,54
hanging,54
homeless,54
sweat,54
"harm reduction",53
plan,53
simplet,53
cat,52
fentanyl,52
fit,52
responsible,52
toilet,52
opana,51
penis,51
cant,50
depressions,50
expecta,50
group,50
options,50
overdoses,50
skin,50
surgery,50
findings,49
hide,49
hole,49
warm,49
euphoria,48
liver,48
note,48
passed,48
ran,48
speak,48
sweet,48
missing,47
disease,46
glass,46
hair,46
hitting,46
liquid,46
miserable,46
narcan,46
smart,46
stand,46
touch,46
turns,46
proud,45
tear,45
trip,45
vagina,45
catch,44
comfortable,44
milk,44
papa,44
tongue,44
"5 minutes",43
codeine,43
elated,43
red,43
syring,43
treatments,43
chill,42
issue,42
leg,42
piss,42
savings,42
treat,42
marijuanas,41
remind,41
worried,41
add,40
condition,40
crushed,40
deliver,40
ear,40
foot,40
insulins,40
pregnant,40
suicides,40
clear,39
cough,39
crystal,39
infection,39
knowledge,39
medicine,39
tea,39
trauma,39
behavior,38
behaviors,38
delivery,38
omental,38
purpose,38
wasting,38
cocaine,37
helpin,37
narcotics,37
opioid,37
pot,37
stomachs,37
crushing,36
fingers,36
neck,36
negatives,36
swearing,36
symptoms,36
tramadol,36
wound,36
pop,35
shots,35
age,34
dilaudid,34
response,34
shopping,34
sign,34
sleeping,34
tears,34
cotton,33
exchange,33
mass,33
pack,33
source,33
testate,33
blocks,32
complaint,32
confused,32
cutting,32
date,32
gift,32
kidney,32
married,32
til,32
blocked,31
feet,31
gold,31
stalked,31
tylenol,31
asleep,30
bone,30
fresh,30
gut,30
injury,30
"opiate addiction",30
pca,30
pee,30
promiseb,30
seizure,30
severe,30
swear,30
vomit,30
crush,29
"drug addict",29
favor,29
medication,29
"medication 1",29
"medication 2",29
"medication 3",29
sickness,29
falls,28
"heroin addict",28
interventional,28
jerk,28
light,28
location,28
poppy,28
prelief,28
prick,28
reach,28
spots,28
urelief,28
breathing,27
bridge,27
carry,27
dat,27
jump,27
mdma,27
oxygen,27
painkillers,27
poop,27
prepared,27
procedure,27
rule,27
slightly,27
30s,26
art,26
breath,26
cope,26
crystals,26
damage,26
emergency,26
hop,26
infections,26
mending,26
park,26
stage,26
sucked,26
traumas,26
withdrawn,26
correct,25
mate,25
offered,25
painful,25
psychological,25
speed,25
tearing,25
vitamins,25
act,24
advantage,24
alert,24
amphetamine,24
brown,24
bus,24
cross,24
cvs,24
dis,24
education,24
hiv,24
insane,24
listening,24
moderate,24
present,24
presponse,24
pro,24
shearing,24
stimulant,24
teeth,24
urethra,24
brand,23
"chronic pain",23
disagree,23
energy,23
giant,23
heat,23
percocet,23
quarter,23
race,23
rid,23
shop,23
smile,23
wasted,23
active,22
address,22
"answer questions",22
anus,22
apap,22
chocolate,22
fired,22
nightmare,22
nightmares,22
pharmaceuticals,22
release,22
report,22
scale,22
smack,22
stigma,22
sugar,22
swallows,22
throwing,22
turning,22
animals,21
apathetic,21
atypical,21
binge,21
"cold turkey",21
coping,21
dry,21
fiber,21
opi,21
oxycontin,21
patch,21
pulls,21
somewhat,21
suffer,21
truck,21
1-2,20
acetaminophen,20
addictions,20
allergy,20
ate,20
benzodiazepines,20
caring,20
center,20
chop,20
dress,20
filter,20
"i don't know",20
legs,20
maintain,20
others,20
oxymorphone,20
"pain management",20
pcp,20
prevent,20
rectum,20
rob,20
staring,20
therapy,20
weak,20
ashamed,19
discussion,19
emotional,19
hits,19
hydromorphone,19
lonely,19
memory,19
mixed,19
mods,19
suffering,19
abortions,18
adderall,18
apt,18
banana,18
bend,18
bill,18
breast,18
carrier,18
chipper,18
consciousness,18
constantt,18
ect,18
intervention,18
interventions,18
jerking,18
minor,18
mvp,18
nausea,18
nervous,18
orange,18
pan,18
pipe,18
scars,18
scrape,18
scraped,18
sedation,18
spine,18
"stay clean",18
stumble,18
sweating,18
throats,18
walks,18
worthless,18
yelling,18
accident,17
awake,17
basis,17
bastardy,17
blights,17
naked,17
runs,17
screen,17
tax,17
wind,17
"black tar",16
cannabis,16
carried,16
concept,16
constipation,16
counselor,16
demand,16
depressing,16
destroyed,16
detox,16
diacetylmorphine,16
droppings,16
ecstasy,16
flu,16
form,16
grapefruit,16
habits,16
harsh,16
jumped,16
kidneys,16
lap,16
letter,16
medicated,16
men,16
new,16
"pain relief",16
played,16
psych,16
pulling,16
raped,16
shake,16
stimulants,16
undetermined,16
valium,16
amotivation,15
benadryl,15
benzodiazepine,15
bomb,15
bruise,15
burning,15
burnings,15
"buy drugs",15
chicken,15
cleaning,15
codependency,15
coma,15
crap,15
diabetes,15
doors,15
excited,15
improve,15
iron,15
liquor,15
little,15
lungs,15
muscles,15
observation,15
pace,15
prob,15
pupils,15
seizures,15
severed,15
3-hahaap,14
abscess,14
abusive,14
activity,14
agonist,14
agonists,14
air,14
anxious,14
brains,14
caffeine,14
choke,14
color,14
cpr,14
cum,14
denial,14
depressin,14
dirt,14
duration,14
emission,14
find,14
fixed,14
generic,14
injection,14
injections,14
irresponsibility,14
loperamide,14
narcotic,14
raw,14
ritual,14
root,14
shakes,14
soft,14
stare,14
stopping,14
tail,14
thumb,14
toe,14
universel,14
unlimited,14
vaginas,14
"0 days",13
aversion,13
balances,13
controlled,13
flush,13
"haha test",13
hardly,13
itching,13
link,13
mood,13
panic,13
shoulder,13
stands,13
stoned,13
survive,13
talks,13
"track marks",13
west,13
adrenalin,12
balancer,12
beard,12
"brain damage",12
chat,12
chilling,12
church,12
cinnamon,12
diagnosis,12
drain,12
"drug addicts",12
dvd,12
exercise,12
exercises,12
exposure,12
eyeball,12
green,12
hangover,12
hangovers,12
"heroin addiction",12
hungry,12
lord,12
map,12
massage,12
mild,12
nipple,12
omission,12
pal,12
pat,12
pharmaceutical,12
pile,12
privacy,12
rabbit,12
saliva,12
salvage,12
scrapes,12
semen,12
separated,12
shaving,12
silence,12
skull,12
spects,12
"stool softener",12
strain,12
swallowing,12
teacher,12
tha,12
urine,12
"using heroin",12
violent,12
vomiting,12
worrying,12
20s,11
"3 4",11
3-4,11
aids,11
alcoholism,11
ambien,11
ativan,11
chemistry,11
chip,11
chocolates,11
dem,11
dopamine,11
drag,11
flowers,11
goals,11
horror,11
knees,11
lame,11
limited,11
lipped,11
lips,11
measured,11
moron,11
pet,11
rambling,11
relative,11
rolled,11
sedating,11
shaking,11
shell,11
stripping,11
tattoo,11
tips,11
toes,11
tongues,11
trigger,11
usually,11
violence,11
warmth,11
10s,10
abandoned,10
acetaminophene,10
"addictive personality",10
bath,10
ben,10
bite,10
bright,10
brushing,10
chalk,10
challenge,10
constipated,10
cracked,10
debt,10
demanding,10
diabetic,10
douche,10
eyebrow,10
flair,10
flushed,10
fuzzy,10
greatly,10
ibuprofen,10
inform,10
iodine,10
iodines,10
learning,10
mac,10
matrix,10
memories,10
"nervous system",10
obsession,10
operation,10
packed,10
packs,10
pale,10
personality,10
physician,10
presence,10
rectums,10
religious,10
restless,10
sativan,10
scrip,10
sensitive,10
shocked,10
sore,10
staff,10
strains,10
swimming,10
target,10
unlikely,10
vinegar,10
"[x]addictive personality",9
"addicted heroin",9
agony,9
appendix,9
apple,9
attack,9
bladder,9
bowels,9
budgets,9
cap,9
central,9
codependence,9
confrontation,9
core,9
dependence,9
derealization,9
discharge,9
drainage,9
dried,9
"drug problem",9
dxm,9
engaged,9
fed,9
flying,9
"hep c",9
honey,9
incision,9
injuries,9
intended,9
isolation,9
junk,9
klonopin,9
ops,9
otc,9
"pain killers",9
partying,9
paws,9
pool,9
prepar,9
pressure,9
procedures,9
rise,9
scratch,9
sneeze,9
statin,9
suspicious,9
toxic,9
traffic,9
turkey,9
"withdrawal symptoms",9
5-10,8
activities,8
aim,8
amphetamines,8
"amphetamines d",8
aspirin,8
atm,8
blank,8
bleeding,8
blind,8
blocking,8
"blood pressure",8
bones,8
burns,8
calcium,8
cave,8
chemo,8
cod,8
colon,8
colostomy,8
combination,8
construction,8
d-amphetamine,8
dallergy,8
"drug abuse",8
enemas,8
ethanol,8
fam,8
fatal,8
"feel sick",8
fishing,8
flushing,8
grade,8
grind,8
hep,8
instructions,8
interaction,8
itch,8
l-amphetamine,8
"lost job",8
lung,8
lupus,8
"mental illness",8
moves,8
mrsa,8
mushroom,8
nail,8
narrow,8
oded,8
oil,8
"opiate tolerance",8
ovaries,8
pea,8
perform,8
plasma,8
"poppy seed",8
primary,8
pros,8
relaxin,8
religion,8
repair,8
resident,8
"scar tissue",8
scratches,8
sepsis,8
sharp,8
shave,8
shout,8
sigh,8
"smoking cigarettes",8
sweats,8
throws,8
tooth,8
trap,8
trunk,8
unconsciousness,8
unemployment,8
weakness,8
worries,8
"x-pain relief",8
zembrace,8
abdomen,7
"addicted drugs",7
administration,7
artery,7
automatically,7
blows,7
boil,7
bowel,7
catching,7
charming,7
clever,7
collateral,7
commit,7
continuin,7
curb,7
cuts,7
deeply,7
denying,7
dexedrine,7
donation,7
evaluable,7
gabapentin,7
genius,7
gentle,7
headache,7
hopeless,7
isolate,7
laughs,7
log,7
manipulation,7
manufacturer,7
mug,7
norco,7
"panic attack",7
paranoia,7
pen,7
pinch,7
pit,7
poo,7
"pretty good",7
proven,7
psychedelics,7
"restless legs",7
silent,7
sources,7
squad,7
star,7
stared,7
stepping,7
stereotypes,7
stone,7
tattoos,7
thirsty,7
unhappy,7
vision,7
"1-3 years ago",6
abscesses,6
absences,6
abstinence,6
abuser:,6
adrenaline,6
advil,6
agent,6
aid,6
amber,6
analgesic,6
anticholinergics,6
arteries,6
bam,6
bananin,6
"blood draw",6
"brain damages",6
breasts,6
caps,6
cast,6
charm,6
climb,6
coat,6
cocoa,6
cola,6
collapse,6
complications,6
confirmed,6
confrontations,6
confusion,6
counseling,6
crown,6
cruised,6
curling,6
despair,6
destruction,6
detected,6
dilate,6
discomfort,6
drool,6
"drug addiction",6
duck,6
duct,6
embolism,6
enzymes,6
erase,6
event,6
exposures,6
eyeballs,6
"fallopian tube",6
fap,6
"feeling sick",6
fleeting,6
fluid,6
gag,6
genetic,6
guts,6
ham,6
"hear voices",6
"heart rate",6
hepatitis,6
hip,6
hmm,6
holes,6
homelessness,6
humor,6
improved,6
infiltration,6
insomnia,6
introduction,6
itchy,6
ketamine,6
l-adrenaline,6
limb,6
lip,6
marihuana,6
methadose,6
nasal,6
nauseas,6
"never took",6
nipples,6
nothing,6
ocd,6
"pain medication",6
"pain relievers",6
pause,6
pharmaf,6
"physical addiction",6
play,6
psyche,6
psychedelic,6
"public health",6
pupil,6
react,6
readministration,6
reduction,6
reintroduction,6
reminded,6
ron,6
"runny nose",6
salivas,6
sampled,6
scales,6
scan,6
scar,6
scrapings,6
shivering,6
silk,6
sits,6
slit,6
smiles,6
sol,6
span,6
speech,6
spraying,6
squeeze,6
srs,6
statuss,6
sterile,6
sternum,6
sting,6
"stool softeners",6
stroke,6
struck,6
suicidal,6
unrelated,6
unresponsive,6
van,6
"vitamin c",6
walnut,6
"watery eyes",6
wings,6
x-ray,6
27s,5
anal,5
aspiration,5
belly,5
binges,5
breezee,5
buck,5
carries,5
chew,5
chills,5
comfort,5
complaints,5
"controlled substance",5
crank,5
dads,5
dates,5
degeneration,5
delusional,5
dibenzodiazepines,5
dip,5
doe,5
drown,5
ears,5
elation,5
extraction,5
eyebrows,5
gpa,5
gps,5
handling,5
hed,5
illness,5
imodium,5
"importance 1",5
"importance 2",5
"importance 3",5
ingesta,5
institution,5
irc,5
language,5
larynx,5
laxatives,5
layer,5
legend,5
lethal,5
"local anesthetics",5
manipulate,5
"methadone maintenance",5
mrs,5
nerve,5
"nonprescription drugs",5
nyquil,5
"opiate abuse",5
percocets,5
"physical symptoms",5
placebo,5
plays,5
"prescription drugs",5
replacement,5
"respiratory depression",5
salinex,5
shock,5
shoplifting,5
shouting,5
skipped,5
smith,5
solacen,5
squat,5
"started smoking",5
stimulation,5
stumbling,5
sum,5
taco,5
task,5
terrifying,5
transformation,5
turn,5
unemployed,5
unstable,5
urethras,5
virus,5
"wisdom teeth",5
ache,4
aches,4
adopted,4
agoraphobia,4
allergy.,4
amen,4
ammonia,4
amputation,4
"anal fissure",4
ang,4
anti-histamine,4
anticholinergic,4
antidote,4
antihistamine,4
apathy,4
appendicitis,4
asepsis,4
attendant,4
avid,4
"baking soda",4
battery,4
beef,4
behaviours,4
"black eye",4
blackout,4
blackouts,4
blade,4
bleed,4
"blind spots",4
"blood vessel",4
bold,4
bruises,4
bullying,4
buprenorphine,4
burnt,4
"buying drugs",4
callergy,4
calming,4
camp,4
candle,4
capsule,4
cellulitis,4
cherry,4
chips,4
cia,4
circling,4
clam,4
clonidine,4
coccyx,4
coinfections,4
colds,4
comforting,4
committed,4
compulsion,4
"cough syrup",4
coughs,4
cps,4
cramping,4
crawl,4
crisis,4
critical,4
cruising,4
cucumber,4
d-methamphetamine,4
deceased,4
decreased,4
degenerate,4
dehydration,4
"diag differential",4
diet,4
disc,4
distress,4
division,4
"doesn't work",4
"don't work",4
drooling,4
ecstatic,4
egg,4
electrolyte,4
electrolytes,4
enablex,4
estrogens,4
exhausted,4
"external jugular vein",4
extremities,4
fame,4
"fecal matter",4
"feeling better",4
fever,4
flash,4
flushings,4
fml,4
fox,4
gasping,4
gatorade,4
genital,4
greedy,4
"group therapy",4
guidance,4
headline,4
"heart attack",4
hearts,4
helpless,4
hops,4
"hydrochloric acid",4
hyper,4
"ill feeling",4
impression,4
impulsive,4
independent,4
interactions,4
"internal jugular vein",4
intestines,4
iscover,4
"joint pain",4
jumps,4
kidnapping,4
knee,4
l-methamphetamine,4
lantus,4
"lead normal",4
"left arm",4
"left eye",4
"left hand",4
"life threatening",4
loneliness,4
margin,4
marriage,4
marry,4
mds,4
"medical problem",4
"medical records",4
medicines,4
meditation,4
melt,4
methamphetamine,4
misuse,4
mmt,4
mobile,4
morons,4
motrin,4
mph,4
mri,4
mucus,4
nauseous,4
nostalgia,4
"not prescribed",4
null,4
numbness,4
nutmeg,4
ocean,4
ostalgia,4
pad,4
"panic attacks",4
peanut,4
peeps,4
phosphorus,4
plasmas,4
pms,4
predisposition,4
prevention,4
pricks,4
probable,4
procure,4
procuren,4
prohibited,4
psychotic,4
ptsd,4
pulse,4
pushes,4
pyramid,4
radius,4
"rape victim",4
reamputation,4
regaine,4
regimen,4
retina,4
reverset,4
roxicet,4
roxicodone,4
rumbling,4
salt,4
"scar tissues",4
scarred,4
"sick person",4
sid,4
skip,4
skipping,4
sludge,4
smear,4
soma,4
sphincter,4
spotting,4
sprinting,4
stellin,4
stems,4
"strains different",4
subjective,4
"substantia nigra",4
subutex,4
syndrome,4
syndromes,4
talented,4
tannin,4
tapentadol,4
tension,4
"test result",4
thrill,4
tor,4
"tricyclic antidepressant",4
turnera,4
unsure,4
vanilla,4
vascular,4
ventricle,4
vic,4
vip,4
virgin,4
weeping,4
wheelchair,4
withered,4
worms,4
write,4
yawning,4
zohydro,4
1-compartment,3
2-compartment,3
3-compartment,3
5-6,3
acetic,3
acne,3
adhd,3
agreement,3
alkaloid,3
"amino acids",3
analgesics,3
angina,3
anguish,3
"anxiety depression",3
arising,3
atp,3
ave,3
bacon,3
bayer,3
bile,3
binging,3
bittersweet,3
"blood drawn",3
"blood draws",3
"blood poisoning",3
"blue eyes",3
bullies,3
bully,3
camping,3
cancell,3
canvas,3
"car accident",3
cement,3
chamber,3
charcoal,3
cheek,3
chemotherapy,3
chewed,3
claws,3
clicks,3
com,3
comas,3
committing,3
comply,3
concerta,3
confirm,3
conviction,3
copious,3
coughing,3
crawling,3
"criminal record",3
csa,3
darvocet,3
das,3
david,3
decidin,3
"deep breath",3
defensive,3
demands,3
depressan,3
"depression anxiety",3
detection,3
diagnose,3
diazepam,3
digits,3
dilated,3
dilation,3
dioxide,3
divorced,3
dizziness,3
dizzy,3
drainages,3
dressing,3
"drinking problems",3
drowned,3
drs,3
"drug problems",3
"drug seeking",3
dull,3
dust,3
e-counseling,3
ejection,3
embolisms,3
"emotional support",3
"emotionally stable",3
"emotionally stable bfi",3
enema,3
engaging,3
era,3
esophagus,3
essentia,3
essentiale,3
farts,3
feces,3
"feel warm",3
"feeling bad",3
fetish,3
ffs,3
fits,3
flap,3
flood,3
focusing,3
frank,3
"front desk",3
"gambling addiction",3
gaze,3
ginger,3
glucose,3
grease,3
grinding,3
"hands shaking",3
hangs,3
har,3
harmony,3
hash,3
"heroin pill",3
hextend,3
"hit head",3
homicide,3
homo,3
"hospital bed",3
"hospital beds",3
illnesses,3
illusion,3
immobile,3
impacted,3
incisions,3
inconsiderate,3
indicated,3
"indifferent face",3
"indifferent mood",3
insanity,3
intact,3
intoxication,3
inventory,3
iop,3
irritable,3
isolations,3
jaw,3
"k intoxication",3
laxative,3
legacy,3
"legal advice",3
levemir,3
libido,3
limbs,3
lively,3
"liver failure",3
"local anesthetic",3
lortab,3
manipulative,3
"medical care",3
"mental heal",3
"middle finger",3
migraines,3
migraten,3
moaning,3
"motorcycle accident",3
mount,3
"much better",3
mumbling,3
nac,3
nails,3
naltrexone,3
"needle phobia",3
"never smoked",3
nicotinex,3
"no substance abuse",3
"not sure",3
oesophagus,3
"opiate therapy",3
"opioid naive",3
oxytocin,3
packing,3
"pain medicine",3
"pain reliever",3
pains,3
patience,3
pep,3
"person phenx",3
"physical dependence",3
pie,3
pinching,3
pinning,3
pks,3
plaque,3
pleased,3
pnc,3
poisoning,3
potato,3
potatoes,3
potatos,3
proactiv,3
progression,3
prompt,3
protection,3
provest,3
"psychological addiction",3
puzzled,3
pvc,3
radiation,3
refreshing,3
"relieve pain",3
reoperations,3
restlessness,3
ritalin,3
rose,3
rural,3
sam,3
scraping,3
screening,3
sec,3
sedated,3
seedy,3
"short period",3
"short sighted",3
shuffle,3
skag,3
"sleep paralysis",3
slinging,3
smoker,3
smokers,3
snoring,3
sob,3
"social security #",3
"social stigma",3
soy,3
speaks,3
spilling,3
spinning,3
stds,3
steer,3
sternums,3
"stomach pain",3
stool,3
stoop,3
"stop working",3
strained,3
stressed,3
strokes,3
"substance abuse",3
sunburn,3
supervision,3
surgeries,3
swab,3
teat,3
terrified,3
testosterone,3
thrive,3
timeline,3
tomato,3
torn,3
"total abstinence",3
trappers,3
"treatment options",3
tums,3
ulceration,3
unconscious,3
undifferentiated,3
untreated,3
valerian,3
viagra,3
visa,3
"vitamin ce",3
vyvanse,3
wad,3
walnuts,3
waters,3
"watery eye",3
wax,3
wean,3
"whole body",3
windigo,3
"wrong drug",3
xxx,3
"young age",3
#radius,2
"(±)-esmolol",2
"10 pounds",2
15s,2
"2 acetic acid",2
"20 pounds",2
"3-5 years ago",2
"3rd grade",2
"5 6",2
aborted,2
"abusive relationship",2
"acetic acid",2
acetobutolol,2
acidity,2
acupuncture,2
"acute renal failure",2
"addiction heroin",2
afrin,2
aggression,2
agoraphobias,2
aha,2
airway,2
"alcohol swabs",2
alerted,2
alerts,2
allylmagnolol,2
"aloe vera",2
alprenololum,2
"alprénolol",2
ama,2
ambush,2
"amino acid",2
amitriptyline,2
ammoniac,2
"ammonium chloride",2
amputated,2
"anal fissures",2
angelica,2
anti-emetic,2
anticipated,2
antidepressants,2
antidotes,2
antihistamines,2
apoacebutolol,2
"apsolol pill",2
armine,2
arteriole,2
ash,2
assault,2
atc,2
"atenolol dose",2
"atenolol pill",2
atrium,2
attacks,2
autopsy,2
bachelors,2
"baking powder",2
banner,2
barley,2
bathe,2
bedridden,2
"befunolol hcl",2
"berkolol pill",2
"betaxolol hcl",2
betaxololum,2
bevantololum,2
bicarbonate,2
bicarbonates,2
"bicyclic antidepressant",2
"birth control",2
bisoprololum,2
"bite lip",2
"bite lips",2
biting,2
"bleeding problems",2
"blind spot",2
blockage,2
"blood transfusion",2
"blood vessels",2
"blood-brain barrier",2
"body temperature",2
bolus,2
bornaprolol,2
br-pindolol,2
brace,2
"breathing exercises",2
breaths,2
"bright red",2
bronchitis,2
bruce,2
bucindololum,2
"burning sensation",2
butofilolol,2
calciums,2
"carazolol fd",2
carpindolol,2
carriers,2
"carteolol hcl",2
carteololum,2
catches,2
cathartic,2
"celiprolol fd",2
century,2
cerebellum,2
"cetamolol hcl",2
"chain smoker",2
charmed,2
charms,2
chewing,2
childbirth,2
chloranolol,2
choked,2
"chr pulmonary embolism",2
"chronic arthritis",2
"chronic depression",2
"chronic illness",2
cicloprolol,2
cicloprololum,2
"cigarette burn",2
clammy,2
cleans,2
clearance,2
climbed,2
climbing,2
clinging,2
"clinical depression",2
clipping,2
clorazepam,2
"close eye",2
"closed eye",2
cocoon,2
"codeine syrup",2
coherent,2
"cold sweat",2
collapsed,2
"collar bone",2
commotio,2
communicate,2
companion,2
companionship,2
"completely sure",2
compromise,2
contaminated,2
copper,2
cord,2
corn,2
"cotton fever",2
cramps,2
cranberry,2
cranium,2
creation,2
"crohn's disease",2
crops,2
cuff,2
curcumin,2
"current state",2
cursing,2
"cut face",2
cyanopindolol,2
dabs,2
dancing,2
"death of grandmother",2
decreases,2
degenerations,2
deluded,2
delusion,2
dental,2
detached,2
deteriorate,2
dex,2
dexnebivolol,2
diabetics,2
diagnosed,2
diane,2
diarrhea,2
differin,2
digital,2
dilating,2
dipping,2
disbelief,2
discontinued,2
discussions,2
diseases,2
disinfectant,2
disorder,2
disposition,2
divorce,2
dl-metoprolol,2
draquinolol,2
drowning,2
drowsiness,2
"drug habit",2
"drunk driving",2
"dry mouth",2
"dull pain",2
"ear pain",2
"ear wax removal",2
ebola,2
elastic,2
elbow,2
ella,2
embololalia,2
emphysema,2
empower,2
endo,2
energetic,2
engagement,2
enhancer,2
"esmolol hcl",2
est,2
estrogen,2
ethambutolol,2
"ethanol poisoning",2
ethanols,2
exacerbated,2
examining,2
"excruciating pain",2
"experimental drug",2
"expiration date",2
expression,2
"external jugular veins",2
"extreme poverty",2
eyelash,2
"face pain",2
"facial hair",2
fainting,2
"fallopian tubes",2
fatigue,2
fearless,2
fecal,2
"fecal vomiting",2
"feeding problem",2
"feeding problems",2
"feeling ok",2
"feels bad",2
felon,2
ferulinolol,2
"fh: rheumatoid arthritis",2
filtration,2
fingernails,2
"fish mouth",2
flare,2
flasher,2
flashers,2
flashing,2
"flu symptoms",2
flushes,2
foam,2
forearm,2
forgetting,2
formula,2
fortune,2
"found dead",2
"fully recovered",2
fumbles,2
gasp,2
gee,2
genitals,2
ghb,2
giddy,2
gifted,2
"grand mal",2
"grand mal seizure",2
grunt,2
"half body",2
hallucinate,2
hallucinogens,2
harassment,2
"hard hear",2
harmonyl,2
"heart rates",2
heels,2
hemoglobin,2
"hemoglobin s",2
"heroin abuse",2
"heroin overdose",2
herpes,2
high-pitched,2
hips,2
hobo,2
homeopathic,2
"homosexual relationship",2
hoof,2
hopelessness,2
horn,2
hos,2
"hot feeling",2
hrs,2
humalog,2
"hx pulmonary embolism",2
hydrated,2
hydrochloride,2
hydrophobia,2
"hydroxypropyl cellulose",2
hypnosis,2
hypromellose,2
"hypromellose 6",2
"ice skating",2
idropranolol,2
"illicit drug use",2
imaging,2
imbalance,2
implant,2
"impulse control",2
inactive,2
incarceration,2
incoherent,2
indopanolol,2
infected,2
ins,2
insomnias,2
insula,2
invasion,2
irons,2
irrational,2
isolating,2
isolongifolol,2
isopropanolol,2
isoxaprolol,2
itchiness,2
itd,2
"joint pains",2
"joint problems",2
kindergarten,2
"knee pain",2
"knee replacement",2
kno,2
knowledgeable,2
l-betaxolol,2
lace,2
lad,2
"latex gloves",2
laundry,2
lax,2
layers,2
"lazy eye",2
"left field h",2
lens,2
leprosy,2
levobetaxolol,2
levobunolol,2
levobunololum,2
levomoprolol,2
levonebivolol,2
"lifestyle change",2
limp,2
lorazepam,2
"lost consciousness",2
lump,2
magnesium,2
"magnesium stearate",2
"major depressive disorder",2
malaise,2
mamma,2
mango,2
mannerisms,2
manually,2
marihuanas,2
measurin,2
"medical reason",2
"medication prescribed",2
mend,2
"mental disorder",2
"mental symptom",2
menthol,2
methanol,2
"methanol poisoning",2
metipranolol,2
metroprolol,2
mgs,2
mic,2
midbrain,2
minivan,2
miralax,2
mmm,2
moan,2
mocking,2
moody,2
morph,2
mos,2
mounted,2
"moved away",2
"ms contin",2
mugged,2
"muscle spasm",2
mustard,2
"nadolol 20 mg",2
"nadolol 40 mg",2
"nadolol 60 mg",2
"nadolol 80 mg",2
"nadolol dose",2
"nadolol pill",2
"nadolol ur ql",2
"nadoxolol hcl",2
nalgesic,2
naproxen,2
near,2
"nebivolol hcl",2
nebivololum,2
"neck pain",2
necrosis,2
nervousness,2
neutered,2
neutral,2
newborn,2
nirvan,2
"no pressure ulcer",2
"no social interaction",2
"not involved",2
"nothing matters",2
novolog,2
nursing,2
ofc,2
"ofds viii",2
onion,2
"only rarely",2
oozing,2
opp,2
"optic nerve",2
optipranolol,2
"oral administration",2
"oral timolol",2
organ,2
"osmotic laxative",2
overlap,2
oxprenololum,2
"oxy 10",2
oyster,2
pam,2
panalog,2
paralyzed,2
paraplegic,2
parenting,2
"parents got divorced",2
passion,2
patrol,2
pdr,2
peach,2
peas,2
peek,2
penbutololum,2
pens,2
pepper,2
"physical therapy",2
"physical violence",2
picc,2
pierced,2
piercing,2
piercings,2
piles,2
pimple,2
pinched,2
"pindolol 5 mg",2
"pindolol dose",2
"pindolol pill",2
pindolol-nbd,2
pine,2
"pinicolol b",2
"pins needles",2
plague,2
platinum,2
"playing role",2
plethora,2
pneumonia,2
pneumoniae,2
pneumonias,2
"polyethylene oxide",2
possess,2
"potty trained",2
practololum,2
"preparation h",2
"preparation k",2
preservex,2
"pressure ulcer",2
prime,2
"progressive disease",2
prohibit,2
prom,2
promethazine,2
"prominent veins",2
pronto,2
propanol,2
propranolol,2
propranololo,2
propranololum,2
psychiatric,2
psychosis,2
pubes,2
"pulmonary embolism",2
"pulmonary embolism nos",2
pulp,2
purging,2
putamen,2
pyramids,2
pyrapyridolol,2
pyridindolol,2
rashes,2
rattled,2
reconcile,2
reconstruction,2
redness,2
rehydration,2
releases,2
remedy,2
reminding,2
remission,2
renal,2
"renal failure",2
resilient,2
resolved,2
"respiratory tract",2
retinas,2
retract,2
retreatments,2
reused,2
revolution,2
"rheumatoid arthritis",2
ribs,2
rituals,2
"room temperature",2
rotateq,2
rubs,2
rundown,2
"running away",2
sage,2
sams,2
sauna,2
scanned,2
scanning,2
scans,2
scarring,2
schizophrenia,2
schizophrenics,2
seasonale,2
sedative,2
sennosides,2
sensation,2
sensitivity,2
sever,2
"severe brain damage",2
"severe depression",2
"severe pain",2
"sexual assault",2
sexuality,2
shaky,2
shavings,2
shells,2
shiny,2
shiver,2
shocking,2
shocks,2
"short legs",2
shy,2
sighing,2
silver,2
silvera,2
skateboarding,2
"skin clean",2
skulls,2
sleepiness,2
sleepy,2
"slow breathing",2
smelt,2
smothered,2
sms,2
sneezing,2
snout,2
snowboarding,2
soak,2
soaked,2
"social anxiety",2
"social interaction",2
sociopath,2
sociopathy,2
sone,2
spectacle,2
spells,2
spinach,2
spirendolol,2
sporadic,2
squatting,2
ssri,2
ssris,2
staggered,2
staggering,2
stalk,2
staph,2
"star wars",2
stares,2
stature,2
std,2
"steam room",2
stem,2
"step 2",2
sterility,2
sterilize,2
sticker,2
stillborn,2
"stopped breathing",2
"stopped smoking",2
"stopped working",2
strapping,2
stretch,2
strychnine,2
"substance of lens",2
"substantia nigras",2
subtlety,2
sucrose,2
suffered,2
"suicide prevention",2
"support family",2
surpass,2
swell,2
swift,2
tan,2
taping,2
"telling truth",2
tense,2
"test results",2
theraflu,2
therapeutic,2
therapeutics,2
thickens,2
thigh,2
"thread vein",2
"thread worm",2
thrills,2
thumbnail,2
thumbs,2
tilidine,2
"timolol 10 mg",2
"timolol 20 mg",2
"timolol 5 mg",2
"timolol dose",2
"timolol pill",2
tis,2
"titanium dioxide",2
"tobacco product",2
toxicity,2
transfers,2
transformed,2
transportation,2
trapper,2
traps,2
treagan,2
"tricyclic antidepressants",2
tropicamide,2
tuck,2
"tunnel vision",2
twin,2
twins,2
twitches,2
ulna,2
umbilicus,2
uninformed,2
"upset stomach",2
urban,2
urgent,2
"using substance",2
utero,2
uti,2
vasoconstrictor,2
vegetarian,2
"venous blood",2
ventricles,2
versed,2
vibration,2
vitamin,2
vitamine,2
"vocal cord",2
"w inspiration",2
wee,2
weighing,2
"wet dream",2
wheat,2
whoops,2
"wine grape",2
womb,2
workaholics,2
wortmannolol,2
wss,2
yawn,2
"zip code",2
zits,2
"zzz sleep",2
#larynx,1
(+-)-bevantolol,1
(+-)-practolol,1
(rs)-metoprolol,1
"(±)-acebutolol",1
1-10,1
"11 to 20 cigarettes",1
"18 wheeler",1
"2 cups",1
"2 times per day",1
"2-3 days",1
"20 feet",1
"21 to 40 cigarettes",1
25i-nbome,1
2c-b,1
"3 6",1
"3-5 days",1
3-aaadg-oa,1
"41 cigarettes or more",1
"5 minute",1
"5th grade",1
"6 to 10 cigarettes",1
"60 second",1
"<30 min",1
"[d]physical violence",1
"[v]breathing exercises",1
"[v]extreme poverty",1
"[v]legal problems",1
"aaa (abdominal aorta aneurysm)",1
"aaa - drainage of acute apical abscess",1
"aaa repair with two docking limbs",1
"abbreviated injury scale panel aaam",1
"abdominal discomfort",1
"abnormal substance",1
"abscess thigh",1
abstinent,1
"abused children",1
"abused substance",1
"abuses, substance",1
accommodation,1
accumulation,1
acebutolol,1
"acebutolol dose",1
"acebutolol hcl",1
"acebutolol pill",1
acet,1
"acetaminophen overdose",1
acetate,1
acetates,1
acetone,1
"acetyl fentanyl",1
aching,1
"activated carbon",1
"active labor",1
actrelationshipoutcome,1
"acute depression",1
"acute renal failures",1
"acute upper respiratory infection",1
"addicted cocaine",1
"addicted drug",1
"addiction counseling",1
"addiction drug",1
"addiction, heroin",1
adenosin,1
adenosine,1
adenosylmethionine,1
adimolol,1
adjustments,1
"administered intravenously",1
adopting,1
"adrenal failure",1
adrenergics,1
"affected area",1
aflaxen,1
afurolol,1
"agar (substance)",1
"age group",1
"age problem",1
aggravating,1
agitated,1
"agonist substance",1
agrammatica,1
ailments,1
airways,1
alalia,1
alba,1
albino,1
"alcohol abuse",1
"alcohol breath",1
"alcohol poisoning",1
"alcohol substance",1
"alcoholic hangover",1
aldrich,1
aliant,1
"alkaloids opium",1
"alks 5461",1
"aloe (substance)",1
aloof,1
"alprenolol dose",1
"alprenolol hcl",1
"alprenolol pill",1
altitude,1
"alum (substance)",1
"always agree",1
alzheimer,1
"ambivalent relationship",1
amidone,1
amiodarone,1
"ammonia solution",1
amnesia,1
amnesiacs,1
amnest,1
amputate,1
amputee,1
amygdala,1
anaesthetics,1
anaflex,1
"analgesic effects",1
anchor,1
andd,1
anesthetized,1
angst,1
anhedonia,1
anti-emetics,1
antibodies,1
antioxidant,1
antisocial,1
anx,1
anxieties,1
anxiolytic,1
anxiousness,1
ape,1
aphasia,1
apo-acebutolol,1
apo-levobunolol,1
apo-metoprolol,1
apolevobunolol,1
appendages,1
appliances,1
aprenololo,1
apsolol,1
arch,1
"area 24",1
arnolol,1
arotinolol,1
"arotinolol hcl",1
"arrow root",1
arterioles,1
"artery nec",1
"artery neck",1
"artery vein",1
arthritis,1
arts,1
"asked question",1
aspirate,1
"aspirate substance",1
aspirated,1
aspirations,1
"aspirin overdose",1
"assault by cigarettes",1
assessment,1
asynergy,1
atenolol,1
"atenolol 100 mg",1
"atenolol 25 mg",1
"atenolol 50 mg",1
"atenolol powder",1
"atenolol ur ql",1
atenololum,1
atrophies,1
atrophy,1
"attempted suicide",1
"attention seeking",1
"attunement relationship",1
autopsies,1
"b vitamin",1
"b. c. powder",1
b12,1
babbles,1
"baby powder",1
"bad behavior",1
"bad taste",1
balancing,1
bald,1
"baltusssin hc",1
bandaged,1
"banging head",1
banish,1
bankruptcy,1
bans,1
"bath tub",1
beam,1
bean,1
"bed bugs",1
"bed sores",1
"being sick",1
berkolol,1
berlin,1
beta-bisabolol,1
"betaxolol alcon",1
"betaxolol pill",1
bevantolol,1
"bevantolol hcl",1
bewildered,1
bht,1
"bile (substance)",1
"bint al dhahab",1
"bipolar disorder",1
"bipolar disorder ii",1
birch,1
"birth controls",1
bisexual,1
bisoprolol,1
"bisoprolol 5 mg",1
"bisoprolol pill",1
"biting tongue",1
"bizarre thoughts",1
"bk back check",1
"black eyes",1
"black seed",1
"bladder completely empty",1
bleeds,1
blight,1
"blind eye",1
blistered,1
"blood brain barrier",1
"blood glucose",1
"blood poisonings",1
"blood sample",1
"blood transfusions",1
bloom,1
"blue lips",1
blueberry,1
blurring,1
blushing,1
"bm regularity",1
boasting,1
"body ache",1
"body building",1
"body burns",1
"body parts",1
"body substance sample",1
"bonding, dental",1
booster,1
bopindolol,1
"bopindolol 1 mg",1
"bopindolol pill",1
"borderline substances",1
boston,1
br-aam-pindolol,1
"brain dead",1
"brain death",1
"brain repair",1
"breakthrough pain",1
brefanolol,1
"broken bones",1
"broken collarbone",1
"broken foot",1
"broken noses",1
broom,1
"brsv (substance)",1
bruised,1
"brushing teeth",1
bucindolol,1
buckled,1
bulb,1
"bullying schools",1
bunitrolol,1
bunolol,1
bupranolol,1
"bupranolol hcl",1
"bupranolol pill",1
buprenorphine-naloxone,1
"burn outs",1
"burning sensations",1
"burns lips",1
bury,1
butocrolol,1
butrans,1
buts,1
butting,1
"butylated hydroxytoluene",1
"butyryl timolol",1
"buying drug",1
"bvmo (substance)",1
bypass,1
cab,1
cabs,1
"caffeine aspirin",1
"calcium oxide",1
"can't get",1
cane,1
"cannabis substance",1
"cap tap",1
capsinolol,1
"car crash",1
"carazolol 5 mg",1
"carazolol pill",1
"carbon dioxide",1
carbonated,1
carbonates,1
"cardiac arrest",1
"carteolol 10 mg",1
"carteolol 20 mg",1
"carteolol pill",1
casiii-ea,1
catfish,1
catnip,1
cauliflower,1
cavity,1
cbz-lll,1
celiprolol,1
"celiprolol hcl",1
"celiprolol pill",1
cemented,1
centipede,1
centrum,1
cerebellums,1
certificate,1
"chain smoking cigarettes",1
"change in relationship",1
chaos,1
chaps,1
checklist,1
"cheek bones",1
cheerful,1
"chemical addiction",1
"chemical imbalance",1
"chemistry normal",1
"chest aching",1
"chewing tobacco",1
"chicory substance",1
chime,1
"chipped tooth",1
chloropractolol,1
chlorthalidone,1
"chronic disease",1
"chronic illnesses",1
"chronic migraine",1
"chronic pain management",1
"chronic shoulder pain",1
cinching,1
"cingulate cortex",1
circumcised,1
citrate,1
citrated,1
citrates,1
civ,1
clams,1
clap,1
claps,1
"class iii",1
"clean force",1
"clean skin",1
"clean teeth",1
"cleaning teeth",1
"clinical protocol",1
clivers,1
cloranolol,1
"closed eyes",1
"closing eyes",1
"clot powder",1
clots,1
clouded,1
clovanemagnolol,1
"cmpk (substance)",1
"cns degenerative disease",1
co-codamol,1
"cocaine overdose",1
"codeine promethazine",1
"coffee bean",1
cold/allergy,1
collapsing,1
collarbone,1
"college graduates",1
combative,1
"common procedure",1
"communicable diseases",1
communicated,1
comp,1
compete,1
"completely empty sella",1
"completely understand",1
compression,1
consideration,1
"constant pain",1
"controlled pain",1
"cooking food",1
"cool foods",1
coordinates,1
"copper wiring",1
coprophilia,1
"corpus callosum",1
cosmetic,1
costa,1
counsellor,1
"country 2",1
cow,1
"cramps diarrhea",1
"cravings drugs",1
crawls,1
creations,1
"crest regular",1
crestor,1
"critically ill",1
crowning,1
cupping,1
"curare substance",1
"currently taking",1
"cutting glass",1
cya,1
cyclobenzaprine,1
"cysts testes",1
"damage brain",1
"damage liver",1
danders,1
"dark brown",1
"dark brown hair",1
darling,1
"day 2",1
daytime,1
daze,1
"death child",1
"death of a grandmother",1
"decision making ability",1
decompensation,1
decontaminating,1
decreasing,1
"deep sleep",1
defect,1
"definitely less",1
"degenerative disc disease",1
dehydrated,1
delirious,1
delirium,1
"demanding in relationships",1
demerol,1
denosine,1
"dental disorder",1
"dental disorders",1
dentin,1
"dependence substance",1
"dependence substances",1
"depression mental",1
"depressive state",1
deprivation,1
desoxyn,1
destitute,1
destitution,1
detectable,1
deviant,1
dexamphetamine,1
dexpropranolol,1
"diabetic comas",1
diacetolol,1
diacetylnadolol,1
dialysis,1
diarrheas,1
dichloromethothotrexate,1
difficulty,1
"digit iii",1
"digoxin substance",1
dihydrocodeine,1
"dimethothiazine mesylate",1
dio,1
diphenhydramine,1
diphosphates,1
disability,1
discharges,1
disconnect,1
disconnected,1
dish,1
dislocated,1
dismissal,1
"disorder; relationship",1
diving,1
dman,1
"domestic abuse",1
"donate blood",1
"dopa (substance)",1
dopaminergic,1
dopaminergics,1
dos,1
dots,1
dramamine,1
dre,1
drill,1
drilling,1
drinker,1
"driving drunk",1
"dropped hand",1
drowsinesses,1
drowsy,1
"drug (substance)",1
"drug addicted",1
"drug effect",1
"drug schedule iv",1
"drug seeking behavior",1
"drug usage",1
drugged,1
"drugs addiction",1
"drugs legal",1
"drugs narcotics",1
"drugs problems",1
"drugs snorted",1
"drugs withdrawal",1
"dry hair",1
"dry orgasms",1
dukes,1
duloxetine,1
dumping,1
duragesic,1
dusting,1
"dying hair",1
"dyne (substance)",1
dyslexia,1
"e/m substance abuse",1
"ear clean",1
"ear left",1
"early death",1
"early identification",1
"eating disorders",1
"eating practice",1
elective,1
electrode,1
elevat,1
"elevated mood",1
emergencies,1
"emergency treatment",1
emetic,1
emissions,1
"emotional abuse",1
"emotional instability",1
"emotional problem",1
employ,1
employed,1
empowering,1
"end feel",1
endocarditis,1
endometriosis,1
enison,1
enlarged,1
entrapment,1
epanolol,1
ericolol,1
esatenolol,1
esmolol,1
"esmolol allergy",1
esprolol,1
estring,1
"estrogen substance",1
ethylcellulose,1
ethylcelluloses,1
ethylene,1
etizolam,1
eutron,1
"evasc rpr aaa aorto-uniiliac/aorto-unifem prosth",1
"evasc rpr aaa w/unibdy bfrc prosth",1
evr,1
exhaustion,1
explantation,1
expressions,1
exsanguination,1
"extra dose",1
extractions,1
"extremely difficult",1
"extremely limited",1
"eye infection",1
"eyes cross",1
"eyes red",1
"eyes rolled",1
"eyes rolling",1
"eyes scratching",1
"f-48 (substance)",1
fad,1
faint,1
falintolol,1
"false alarm",1
"false positive",1
"families support",1
"family background",1
"family denial",1
"family health",1
"family history",1
"family intervention",1
"family living",1
"family moved",1
fantasize,1
fantasizing,1
fart,1
farting,1
"father alive",1
"father ill",1
fatigues,1
"fear pain",1
"fecal impaction",1
"feel depressed",1
"feel hungry",1
"feel weak",1
"feeling ashamed",1
"feeling loss",1
"feeling lost",1
"feeling relief",1
"feeling trapped",1
"feeling weird",1
"feels cold",1
"fentanyl hcl",1
fer,1
festination,1
"fetal position",1
"fetal position us",1
"fetal positioning",1
"fh: girlfriend",1
"fick method",1
"financial problem",1
"find methods",1
fingernail,1
firearm,1
"fish oil",1
fitted,1
fitting,1
"fiv infection",1
"fiv negative",1
"fiv positive",1
fixation,1
flailing,1
"flap (substance)",1
flaps,1
flashes,1
fleas,1
flexeril,1
flooding,1
"floor convenience",1
flumolol,1
fluorocarazolol,1
flusoxolol,1
fog,1
folding,1
"food poisoning",1
forearms,1
foreplay,1
foreskin,1
forgets,1
"formulation r",1
francis,1
"free blood",1
frothy,1
fructose,1
fst,1
"fully conscious",1
fum,1
fumbling,1
fungi,1
furosemide,1
fussschleife,1
"gag reflex",1
gagging,1
"gained weight",1
"galactose powder",1
"gas pain",1
gastric,1
"gelatin substance",1
gen-metoprolol,1
"general discomfort",1
"generalized anxiety",1
"generalized anxiety dis",1
"generalized anxiety disorder",1
"generic drug",1
gingera,1
gingers,1
gist,1
"giving away possessions",1
glare,1
gnawing,1
"gold (substance)",1
goose,1
"got seriously sick or injured",1
"grade iii",1
granite,1
grape,1
graves,1
grimace,1
grips,1
groggy,1
groom,1
"ground substance",1
growth,1
"growth substance",1
"growth substances",1
"guar (substance)",1
"guided practice",1
gums,1
"gun shot wound",1
"gurgling sounds",1
gust,1
"haha ab plas-mcnc",1
"haha ab plas-scnc",1
haha-chlorambucil,1
hairs,1
hallucinating,1
hallucinations,1
hallucinogen,1
halo,1
hand-wringing,1
"hands moving",1
"hands shake",1
hansen,1
"hard drug",1
"hard vein",1
harmane,1
"harmful substance use",1
hbr,1
"head nodding",1
"head pounds",1
headaches,1
"heal mental",1
"healthy eating",1
"hearing problem",1
"hearing problems",1
"hearing voice",1
"hearing voices",1
"heart arrhythmia",1
"heart disease",1
"heart pounding",1
"heart regular",1
"heart surgery",1
heave,1
heaving,1
"heavy drinking",1
heel,1
"heel pain",1
"held hostage",1
helplessness,1
"hemoglobin c",1
"hemoglobin e",1
"hemoglobin h",1
"hemoglobin i",1
"hemoglobin j",1
"hemoglobin p",1
"hemoglobin q",1
"herniated disc",1
"herniated discs",1
hiccup,1
hiccups,1
"hip surgeries",1
historical,1
"history of corrrection of congenital deformity of heart",1
"history of corrrection of congenital deformity of heart (situation)",1
"hiv i infection",1
"hiv infection",1
"hiv infections",1
"hiv negative",1
"hiv positive",1
"hiv positives",1
hives,1
hoarding,1
hobos,1
hock,1
hod,1
"homosexual relationships",1
"honeysuckle substance",1
horns,1
"hospital infection",1
"hospitalization 1",1
"hospitalization 2",1
"hospitalization 3",1
hospitalized,1
"hours sleep",1
hppd,1
"hsan viii",1
hub,1
huff,1
"human identification",1
hunger,1
hunting,1
huntington,1
hurricane,1
"hyalin substance",1
"hyaline substance",1
hydrochlorothiazide/triamterene,1
"hydrocodone syrup",1
"hydrogen peroxide",1
hydroxypropyl,1
"hydroxypropyl cellulose lf",1
hygiene,1
hyperfocus,1
"hypoglycemic coma",1
ibogaine,1
ibs,1
ice-t,1
"id-1 (substance)",1
identified,1
illegitimacy,1
"illicit substance use",1
imagery,1
"immune disease",1
"impacted stool",1
impatience,1
implantation,1
implants,1
"in police custody",1
"in regular work",1
incarcerated,1
"increase dose",1
"increased libido",1
"ineffective relationships",1
"injection site",1
"injury, research-related",1
"innominate substance",1
insect,1
insensitivity,1
"intentional overdose",1
intercept,1
"internal support",1
internship,1
interpretation,1
intestinal,1
"intravenous drug",1
introverted,1
"intrusive thoughts",1
invalid,1
inventories,1
iprocrolol,1
"iq test",1
"iron (substance)",1
"iron oxide",1
irradiated,1
"irrational thoughts",1
irritability,1
"irritable bowel",1
isoxochitlolone,1
iss,1
iteration,1
"iv drug use",1
jasmine,1
"jaw bone",1
jergens,1
jerks,1
"job 5",1
"job 6",1
jobless,1
jumpy,1
kleptomania,1
"knee problems",1
"knee replacements",1
"knee surgery",1
"knee trouble",1
knot,1
knuckling,1
koh,1
kroger,1
"labored breathing",1
labs,1
"lack of peer relationships",1
"lactose powder",1
latitude,1
laudanum,1
"layer iii",1
laziness,1
"lead breath",1
leech,1
leeching,1
"left body",1
"left testicle",1
"leg pain",1
"legal problems",1
lemon,1
lengthen,1
lesions,1
"less defined",1
"levels pain",1
"levobunolol hcl",1
lexapro,1
liberate,1
lice,1
"lidocaine substances",1
lidocaine+epinephrine,1
"life support",1
"lifestyle choice",1
"lifestyle problem",1
lightening,1
lime,1
"limits set",1
limps,1
"lips tingling",1
literate,1
"liver damage",1
livers,1
"lives with grandmother",1
"living birth",1
"lll cpd",1
"looked pale",1
"lower blood pressure",1
lubrication,1
lucid,1
lymphatic,1
lymphatics,1
lyrica,1
"m5 local anesthetic",1
magnesia,1
"magnesium citrate",1
magnets,1
magnolol,1
mah,1
"maintains relationships",1
"major depressive disorder 1",1
"major depressive disorder 2",1
"major depressive disorder mild",1
"major depressive disorder nos",1
"makes drink",1
malfunction,1
malnourished,1
mane,1
"manic disorder",1
"maple syrup",1
marblen,1
"marijuana use",1
"marijuana user",1
marital,1
marriages,1
marrying,1
marshal,1
marshmallow,1
"matrix substance",1
mch,1
meclizine,1
melanoma,1
meloxicam,1
"menstrual cramps",1
"mental disorders",1
"mental symptoms",1
"mentally alert",1
mepindolol,1
"mepindolol 5 mg",1
"mepindolol pill",1
"methods treatment",1
methylcellulose,1
methylcellulosum,1
methylene,1
metipranololum,1
metoprolol,1
"metoprolol dose",1
"metoprolol pill",1
metric,1
metro,1
"mica (substance)",1
midbrains,1
"midcingulate cortex",1
"middle toe",1
"midol regular",1
migraine,1
"milk extraction",1
milky,1
mills,1
mimics,1
mio,1
"missing teeth",1
missourin,1
mitragynine,1
mj-iii-65,1
mock,1
moisturel,1
"money problem",1
mono,1
"mood swings",1
mop,1
moprolol,1
"morphine ir",1
"mosquito bites",1
"mouth dry",1
"mps iii a",1
"mps iii b",1
"mps iii c",1
"mps iii d",1
mucinex,1
"mucosa rectum",1
muh,1
multi,1
"multi vitamin",1
murmuring,1
"muscle cramps",1
"muscle spasms",1
"musk (substance)",1
mutilated,1
"mutual respect",1
mydriasis,1
mydriatic,1
n-acetylcysteine,1
"n8 rfviii",1
nadolol,1
"nadolol 120 mg",1
"nadolol 160 mg",1
"nadolol allergy",1
"nadolol crystal",1
"nadolol powder",1
"nadolol ur-mcnc",1
"nadoxolol pill",1
narbivolol,1
narcissism,1
"narcotic addiction",1
naringin,1
"narrow roots",1
"native american",1
"natural death",1
nauseating,1
"nb cardiac arrest",1
"nebivolol 10 mg",1
"nebivolol 20 mg",1
"nebivolol 5 mg",1
"nebivolol pill",1
"neck injuries",1
"neck injury",1
"neck pains",1
"neck veins",1
"needle sticks",1
"needs treatment",1
neglect,1
neglected,1
"nerve iii",1
"nerve pain",1
"neural pathways",1
neurological,1
"neurological disorders",1
"neurological disorders nec",1
neurotic,1
"neurotoxic effect",1
"never married",1
"never pain",1
"never pregnant",1
"never smoker",1
"never used drugs",1
nickname,1
"nicotine addiction",1
"night nurse",1
"night person",1
nimrod,1
nips,1
"niv infection",1
"no chronic disease",1
"no family history",1
"no unsettled relationships",1
"non progressive disease",1
"non steroidal anti inflammatory agents",1
non-functioning,1
"noncommunicable diseases",1
"none (0 cigarettes)",1
nootropic,1
norflex,1
"normal function",1
"normal limits",1
noroxycodone,1
norpseudoephedrine,1
"north american",1
"nose running",1
"not happy ces-dc",1
novo-acebutolol,1
novoacebutolol,1
novolevobunolol,1
nu-cyclobenzaprine,1
nucynta,1
nymphomania,1
oats,1
obese,1
objective,1
obstruction,1
"occasional drinker",1
occlusion,1
ocular,1
oestrogen,1
"of cocaine overdose",1
"ohaha syndrome",1
oid,1
oily,1
"opana er",1
opaque,1
"open mouth",1
"opiate agonist",1
"opiate antagonist",1
"opiate replacement therapies",1
"opiate replacement therapy",1
"opiates negative",1
"opioid maintenance treatment",1
"opioids use",1
"opium poppy",1
"opium smoking",1
"opium tincture",1
"optic nerves",1
optimistic,1
"oral metoprolol",1
"oral substance abuse",1
oramorph,1
"orbital bone",1
"osmotic laxatives",1
"other substance abuse",1
outbursts,1
output,1
overeat,1
overheating,1
overkilling,1
"overprotective parents",1
overweight,1
oxprenolol,1
"oxprenolol dose",1
"oxprenolol hcl",1
"oxprenolol pill",1
"oxycodone hcl",1
"oxycodone pill",1
oxymetazoline,1
pacrinolol,1
pact,1
"pain level",1
"pain relieved",1
"pain score",1
"painful periods",1
paleness,1
pandas,1
"panic disorder",1
"panic disorder 1",1
"panic disorder 2",1
"panic disorder 3",1
"panic disorders",1
panicky,1
pant,1
paraplegics,1
parasite,1
"parents separated",1
"parents young",1
pargolol,1
passions,1
"past history",1
"patent medicine",1
"patent medicines",1
pathogenic,1
pathology,1
"patient controlled analgesia",1
"patient fall",1
"pe requiring hospitalization",1
pear,1
pedal,1
peep,1
"pelvic floor dysfunction",1
penbutolol,1
"penbutolol pill",1
penile,1
"penis enlargement",1
peppers,1
pepto-bismol,1
"percocet 10/325",1
percocet-5,1
percussions,1
"perfect choice",1
"period stopped",1
"peripheral nervous system",1
"peripheral nervous system dis",1
"personal choice",1
"personal crisis",1
"personal details",1
"personal growth",1
"peto method",1
pharmacotherapeutics,1
phosphate,1
"physical disorder",1
"physical health",1
"pick nose",1
pindolol,1
"pindolol 10 mg",1
"pindolol 15 mg",1
"pindolol 2.5 mg",1
"pindolol 20 mg",1
"pindolol powder",1
"pink tooth",1
"pinpoint pupils",1
pix,1
"plan b",1
"playing football",1
"pleurothotonus (finding)",1
pls,1
pmc,1
pms-levobunolol,1
pmslevobunolol,1
poe,1
"poison ivy",1
polarization,1
poll,1
"polyethylene glycol",1
"polyethylene glycol 40",1
"polyethylene glycol 400",1
"polyethylene glycol 4000",1
"polyethylene glycol 400000",1
"polyethylene glycol 4000000",1
"polysorbate 80",1
"polysorbate 81",1
"polysorbate 85",1
polysubstance,1
"polysubstance addiction",1
pond,1
"poor diet",1
"poor family relationship",1
"poor self-esteem",1
"poor temperature regulation",1
pork,1
posture,1
"potential problem",1
potentiation,1
powerlessness,1
"practolol dose",1
"pre-existing condition",1
"pre-existing condition, nos",1
"pre-existing conditions",1
preconceive,1
predator,1
pregnancies,1
premature,1
"premature death",1
"premedication prescribed",1
"premenstrual cramps",1
presolol,1
"pressure ulcers",1
prevail,1
pricked,1
primidolol,1
prinodolol,1
priorix,1
"prison record",1
"prison sentence",1
"problem alcohol",1
probon,1
"procaine overdose",1
productivity,1
profadol,1
"projectile vomiting",1
promet,1
prometh,1
"promethazine codeine",1
"pronounced dead",1
pronouncer,1
propan,1
propanolol,1
propel,1
"propranolol fd",1
"propranolol hcl",1
protectin,1
proxodolol,1
prozac,1
pseudo,1
pseudoephedrine,1
"pseudoephedrine gg",1
psilocybin,1
"psychedelic drugs",1
"psychiatric diagnosis",1
"psychiatric disorder",1
"psychiatric disorder nos",1
"psychiatric disorders",1
"psychoactive drug",1
"psychological problem",1
"psychological symptoms",1
"psychological symptoms mood",1
psychopath,1
psychotropic,1
"psyllium husk",1
"pt breathing exercise",1
pta,1
"pulmonary heart disease",1
"pulse regular",1
"pupils constricted",1
putamens,1
pyle,1
"qd-4 (substance)",1
quantum,1
"r-viii sq",1
"r3wl-substance p",1
rad,1
"raised blood pressure",1
ram,1
"ran away",1
"rape victims",1
"rapid method",1
"rash mouth",1
"re 102",1
reaches,1
reapplication,1
"rear quarter",1
reclusive,1
"reconciles relationships",1
"recreational substance use",1
"rectal exam",1
"red blood cells",1
"red nose",1
"red stool",1
redundant,1
"refusing treatment",1
regimex,1
"region 1",1
regretful,1
"regular blood donor",1
"rehabilitation program",1
"relationship; disorder",1
"relationships with pets",1
"relatives alive",1
remarried,1
remedies,1
"renal failures",1
"renal stone substance",1
repairs,1
replantation,1
"report missing",1
repositioned,1
res,1
"residential treatment",1
resistant,1
"resp rate",1
respirator,1
"respiratory distress",1
"respiratory distress syn",1
"respiratory tracts",1
"restless leg syndrome",1
retaine,1
retirement,1
rfviii-fs,1
rhythm,1
"rib cage",1
rickets,1
rigid,1
rinate,1
rls,1
"rndx role relationship",1
"rndx substance abuse",1
rns,1
robaxin,1
rod,1
rohypnol,1
"rolling eyes",1
"rolls own cigarettes",1
ronactolol,1
"room temperature regulation",1
"root tooth",1
rooting,1
"rough mouth",1
ruled,1
ruling,1
"running nose",1
rupture,1
ruptured,1
rutile,1
s-adenosylmethionine,1
s-atenolol,1
"safe room",1
"salix - substance",1
sampling,1
"santavy's substance f",1
scab,1
scalding,1
"scalp cut",1
"school suspensions",1
schooling,1
scopolamine,1
scroll,1
"seafood poisoning",1
"second look",1
"secreted substance",1
sedate,1
sedates,1
"sedative hypnotics",1
self-absorbed,1
semi-retired,1
seminal,1
senatec,1
senokot,1
separation,1
"serious injury",1
seroquel,1
sesames,1
"several days",1
"severe bpd",1
"severe muscle pain",1
"sexual abuse",1
"sexual frustration",1
"sexual orientation",1
shadowing,1
"shaking hands",1
shampoo,1
shark,1
"sharp pain",1
shaved,1
"sheep wool",1
shepard,1
shivers,1
"short attention span",1
short-sighted,1
shorten,1
showering,1
shuddering,1
shunting,1
"sick stomach",1
signed:,1
silicosis,1
"silk (substance)",1
"sinking feeling",1
sinus,1
"sinus infection",1
sips,1
sirens,1
"sitting pain",1
sk-diphenhydramine,1
skiing,1
"skin pale",1
skin-crawling,1
"sleep aid",1
sling,1
"sloprolol pill",1
"slow progression",1
sluggish,1
slur,1
slurred,1
slurring,1
slurs,1
"smell breath",1
"smell sense",1
"smoke more cigarettes",1
"smoking pipe",1
"smooth mouth",1
"sniff test",1
sniffles,1
snris,1
soaking,1
"social problems",1
"social relationships",1
"social stigmas",1
sociopaths,1
"sodium carbonate",1
softening,1
solo,1
"something else",1
"somewhat difficult",1
"somewhat understand",1
soothe,1
soquinolol,1
"sorbic acid",1
sotalolo,1
spelt,1
splitting,1
sporadically,1
sprain,1
spur,1
spurring,1
squats,1
"st johns wort",1
"st. john's wort",1
"stabbing pain",1
staggers,1
stale,1
stalkings,1
standby,1
stanozolol,1
"stanozolol 2 mg",1
"stanozolol 5 mg",1
"stanozolol dose",1
"stanozolol pill",1
starch,1
"staring eyes",1
stat,1
"stay awake",1
steering,1
steers,1
"stiff neck",1
stigmas,1
stimate,1
"stinging sensation",1
"stomach pumping",1
stones,1
"straight mouth",1
strattera,1
strawberry,1
strep,1
stretching,1
strogen,1
strongarm,1
stuart,1
stumbles,1
stuttering,1
"substance abuse problems",1
"substance abuses",1
"substance addiction",1
"substance doping",1
"substance measured",1
"substance misuse",1
"substance of tooth",1
"substance p (3-4)",1
"substance p (6-11)",1
"substance p-pttl",1
"substance removal",1
"substance s",1
"substance sf-1933",1
"substance use dis",1
"substance use status",1
suffocating,1
suffocation,1
"suicidal ideation",1
"suicide attempt",1
"suicide attempts",1
sunburns,1
"supporting family",1
suppressin,1
surgical,1
"surgical extraction",1
"sustained phonation - first aaa for 10 s, then eee",1
swelled,1
swelling,1
swollen,1
syringin,1
tails,1
"talc (substance)",1
"talinolol 50 mg",1
"talinolol pill",1
tao,1
tarry,1
"task (substance)",1
tazolol,1
teas,1
teasing,1
tel,1
telephone,1
temazepam,1
temp,1
"temperature regulation",1
tens,1
teration,1
terrorism,1
tertatolol,1
"tertatolol 5 mg",1
"tertatolol hcl",1
"tertatolol pill",1
testololactone,1
"tests tests",1
"tests tox",1
thebaine,1
theophylline,1
therapeutic-m,1
thiambutene,1
"thick headed",1
"thick skin",1
thumbnails,1
tienoxolol,1
"tilted head",1
"time last dose",1
timelines,1
timolol,1
"timolol 1 mg/ml",1
"timolol 5 mg/ml",1
"timolol 7 mg/ml",1
"timolol allergy",1
"timolol maleate",1
timololo,1
tinged,1
tingling,1
tipepidine,1
tiprenolol,1
titania,1
"toilet practice",1
toliprolol,1
tonic,1
"too late",1
"too quickly",1
"tooth substance loss",1
"topical timolol",1
toradol,1
torch,1
torment,1
tornado,1
"toxic substance ur",1
trance,1
"treatment method",1
trembles,1
"trial 1",1
trigevolol,1
triggers,1
triumph,1
"trouble sleeping",1
tucking,1
tumor,1
"tumor identification",1
turinal,1
turmeric,1
"turns pages",1
tussend,1
"twelve-step program",1
"twilight state",1
twitched,1
twitching,1
txt,1
"tylenol pill",1
"ulcer esophagus",1
ulcerations,1
unburn,1
uncertain,1
uncertainty,1
uncircumcised,1
unclassified,1
"unconscious state",1
"uncontrolled pain",1
underpaid,1
undetectable,1
"unhappy home",1
uninhibited,1
"unknown - relationship",1
unmotivated,1
"unrealistic expectations",1
unrest,1
"upper respiratory infection",1
"ur solution",1
"urea (substance)",1
urethral,1
"uri - upper respiratory infection",1
"urological disorders",1
"us abdominal aorta real time screen study aaa",1
vaccinating,1
vaginal,1
vaginex,1
valve,1
vaseline,1
vasoconstrictors,1
vault,1
"veins heart",1
venison,1
venous,1
vigilante,1
vince,1
"viral upper respiratory infection",1
virgins,1
"visual stimulation",1
"vocal cords",1
volumex,1
"vomiting fecal matter",1
vulnerability,1
"w expiration",1
walker,1
warfaren,1
watering,1
"weak orgasm",1
weaned,1
"weird feeling",1
whims,1
whispering,1
"white skin",1
whoop,1
whooping,1
"wild fire",1
"willow bark",1
winding,1
winging,1
"wisdom teeth removal",1
wounds,1
wrestling,1
"wrong prescription",1
ww-iii-55,1
xipranolol,1
"xr ankle 1v",1
"xr ankle 2v",1
"xr ankle 3v",1
"xr ankle 4v",1
"xr ankle ap",1
xtc,1
"young parents",1
zanaflex,1
"zinc (substance)",1
"zooby growlin' grrrape 2.72 % (1.23 % fluoride ion) oral foam",1
zubsolv,1
zyrtec,1
